data,source,title,sentimento_previsto,sentimento_valor,preco_d,preco_d1,preco_d2,preco_d3,preco_d4,preco_d5,var_d1,var_d2,var_d3,var_d4,var_d5,var_acumulada_3d,var_acumulada_5d
2025-10-22 18:09:00.000,BloombergLinea,"Ibovespa hoje: bolsa sobe com Vale (VALE3) e Petrobras (PETR4); dólar avança a R$ 5,40",POSITIVE,1,28.381196975708008,28.061569213867188,27.7419376373291,27.967559814453125,27.94875717163086,27.68553352355957,0.011390231223522234,0.011521602445965954,-0.008067281472566155,0.0006727541660189127,0.00950762418384654,0.014789891002257647,0.025127326932545782
2025-10-22 18:09:00.000,BloombergLinea,"Ibovespa hoje: bolsa sobe com Vale (VALE3) e Petrobras (PETR4); dólar avança a R$ 5,40",POSITIVE,1,28.381196975708008,28.061569213867188,27.7419376373291,27.967559814453125,27.94875717163086,27.68553352355957,0.011390231223522234,0.011521602445965954,-0.008067281472566155,0.0006727541660189127,0.00950762418384654,0.014789891002257647,0.025127326932545782
2025-10-23 11:24:00.000,BloombergLinea,Ibovespa sobe com impulso do petróleo após sanções dos EUA à Rússia; PETR4 avança 2%,POSITIVE,1,28.052165985107422,28.381196975708008,28.061569213867188,27.7419376373291,27.967559814453125,27.94875717163086,-0.011593273915903183,0.011390231223522234,0.011521602445965954,-0.008067281472566155,0.0006727541660189127,0.011182648877448347,0.0036999431796390114
2025-10-23 11:24:00.000,BloombergLinea,Ibovespa sobe com impulso do petróleo após sanções dos EUA à Rússia; PETR4 avança 2%,POSITIVE,1,28.052165985107422,28.381196975708008,28.061569213867188,27.7419376373291,27.967559814453125,27.94875717163086,-0.011593273915903183,0.011390231223522234,0.011521602445965954,-0.008067281472566155,0.0006727541660189127,0.011182648877448347,0.0036999431796390114
2025-10-23 18:20:00.000,BloombergLinea,Ibovespa hoje: Petrobras impulsiona alta da bolsa com avanço do petróleo; dólar recua,NEGATIVE,-1,28.052165985107422,28.381196975708008,28.061569213867188,27.7419376373291,27.967559814453125,27.94875717163086,-0.011593273915903183,0.011390231223522234,0.011521602445965954,-0.008067281472566155,0.0006727541660189127,0.011182648877448347,0.0036999431796390114
2025-10-23 18:20:00.000,BloombergLinea,Ibovespa hoje: Petrobras impulsiona alta da bolsa com avanço do petróleo; dólar recua,NEGATIVE,-1,28.052165985107422,28.381196975708008,28.061569213867188,27.7419376373291,27.967559814453125,27.94875717163086,-0.011593273915903183,0.011390231223522234,0.011521602445965954,-0.008067281472566155,0.0006727541660189127,0.011182648877448347,0.0036999431796390114
2025-10-28 13:20:00.000,BloombergLinea,Nubank supera Petrobras como empresa mais valiosa do Brasil. E é segunda em LatAm,POSITIVE,1,28.22138214111328,28.193180084228516,28.202579498291016,28.052165985107422,28.381196975708008,28.061569213867188,0.0010003148563060495,-0.0003332820695734436,0.00536192154514723,-0.011593273915903183,0.011390231223522234,0.0060321957347498345,0.005695081626693884
2025-10-28 13:20:00.000,BloombergLinea,Nubank supera Petrobras como empresa mais valiosa do Brasil. E é segunda em LatAm,POSITIVE,1,28.22138214111328,28.193180084228516,28.202579498291016,28.052165985107422,28.381196975708008,28.061569213867188,0.0010003148563060495,-0.0003332820695734436,0.00536192154514723,-0.011593273915903183,0.011390231223522234,0.0060321957347498345,0.005695081626693884
2025-10-29 07:11:00.000,BloombergLinea,A ambição da BYD para sua fábrica na Bahia,NEUTRAL,0,28.099170684814453,28.22138214111328,28.193180084228516,28.202579498291016,28.052165985107422,28.381196975708008,-0.004330456094876688,0.0010003148563060495,-0.0003332820695734436,0.00536192154514723,-0.011593273915903183,-0.0036666438076286157,-0.009937082327251602
2025-10-29 07:11:00.000,BloombergLinea,A ambição da BYD para sua fábrica na Bahia,NEUTRAL,0,28.099170684814453,28.22138214111328,28.193180084228516,28.202579498291016,28.052165985107422,28.381196975708008,-0.004330456094876688,0.0010003148563060495,-0.0003332820695734436,0.00536192154514723,-0.011593273915903183,-0.0036666438076286157,-0.009937082327251602
2025-12-19 00:00:00.000,Exame,Petrobras e Braskem assinam contratos que totalizam quase US$ 18 bilhões,NEUTRAL,0,29.152069091796875,29.04865837097168,29.217872619628906,28.898244857788086,29.80072784423828,29.697317123413086,0.0035599138350752074,-0.005791463699637956,0.011060455865529166,-0.03028392431108634,0.0034821570041310996,0.008783378895773434,-0.018360178104652507
2025-12-19 00:00:00.000,Exame,"Ibovespa sobe com bolsas de NY, mas fecha com perda semanal de 1,43%",NEGATIVE,-1,29.152069091796875,29.04865837097168,29.217872619628906,28.898244857788086,29.80072784423828,29.697317123413086,0.0035599138350752074,-0.005791463699637956,0.011060455865529166,-0.03028392431108634,0.0034821570041310996,0.008783378895773434,-0.018360178104652507
2025-12-22 00:00:00.000,Exame,Vale versus Petrobras: qual gigante da bolsa se saiu melhor em 2025,NEGATIVE,-1,29.236677169799805,29.152069091796875,29.04865837097168,29.217872619628906,28.898244857788086,29.80072784423828,0.0029023009562891586,0.0035599138350752074,-0.005791463699637956,0.011060455865529166,-0.03028392431108634,0.0006435975136076581,-0.01892741269228869
2026-01-02 00:00:00.000,Exame,Itaú ultrapassa Petrobras e assume liderança em valor de mercado na B3 em 2025,POSITIVE,1,29.78181266784668,29.88848876953125,29.80120849609375,29.490880966186523,29.393901824951172,29.236677169799805,-0.0035691366835956407,0.0029287494649400015,0.01052283010002448,0.00329929458881945,0.005377651305524326,0.00986514109204574,0.018645603769568447
2026-01-05 00:00:00.000,Exame,Por que petroleiras dos EUA sobem e Petrobras cai com crise na Venezuela,NEGATIVE,-1,29.287227630615234,29.78181266784668,29.88848876953125,29.80120849609375,29.490880966186523,29.393901824951172,-0.016606948769287432,-0.0035691366835956407,0.0029287494649400015,0.01052283010002448,0.00329929458881945,-0.01724698062314777,-0.0036291267138065532
2026-01-06 00:00:00.000,Exame,Ação da Petrobras cai com vazamento na Foz do Amazonas e petróleo,NEGATIVE,-1,28.744152069091797,29.287227630615234,29.78181266784668,29.88848876953125,29.80120849609375,29.490880966186523,-0.018543085346724202,-0.016606948769287432,-0.0035691366835956407,0.0029287494649400015,0.01052283010002448,-0.03828687054950755,-0.025320671089849995
2026-01-07 00:00:00.000,Exame,Ibovespa interrompe 'lua de mel' com bancos e cai mais de 1%,NEGATIVE,-1,28.928409576416016,28.744152069091797,29.287227630615234,29.78181266784668,29.88848876953125,29.80120849609375,0.006410260663849896,-0.018543085346724202,-0.016606948769287432,-0.0035691366835956407,0.0029287494649400015,-0.02865517626306283,-0.02928736664461571
2026-01-08 00:00:00.000,Exame,"Petrobras, bancos e elétricas garantem alta do Ibovespa, apesar de Bradesco e Vale",POSITIVE,1,29.287227630615234,28.928409576416016,28.744152069091797,29.287227630615234,29.78181266784668,29.88848876953125,0.012403656455823496,0.006410260663849896,-0.018543085346724202,-0.016606948769287432,-0.0035691366835956407,0.0,-0.020116812982828018
2026-01-13 00:00:00.000,Exame,"Petrobras e Vale sobem, mas Ibovespa recua com maioria das ações em baixa",NEGATIVE,-1,30.198816299438477,29.442392349243164,29.38420295715332,29.287227630615234,28.928409576416016,28.744152069091797,0.025691660556067444,0.0019802950644838935,0.0033111815075563293,0.012403656455823496,0.006410260663849896,0.031125809527642632,0.050607310553121544
2026-01-13 00:00:00.000,Exame,"Ibovespa cai 0,72% com 56 ações em baixa; Vale e Petrobras são exceções",NEGATIVE,-1,30.198816299438477,29.442392349243164,29.38420295715332,29.287227630615234,28.928409576416016,28.744152069091797,0.025691660556067444,0.0019802950644838935,0.0033111815075563293,0.012403656455823496,0.006410260663849896,0.031125809527642632,0.050607310553121544
2026-01-14 00:00:00.000,Exame,Ibovespa ignora Nova York e sobe mais de 1% com impulso de 'blue chips',POSITIVE,1,31.02312660217285,30.198816299438477,29.442392349243164,29.38420295715332,29.287227630615234,28.928409576416016,0.027296113018499418,0.025691660556067444,0.0019802950644838935,0.0033111815075563293,0.012403656455823496,0.05577567128192429,0.07241037638877186
2026-01-14 00:00:00.000,Exame,Por que a Petrobras é a maior alta do Ibovespa hoje?,POSITIVE,1,31.02312660217285,30.198816299438477,29.442392349243164,29.38420295715332,29.287227630615234,28.928409576416016,0.027296113018499418,0.025691660556067444,0.0019802950644838935,0.0033111815075563293,0.012403656455823496,0.05577567128192429,0.07241037638877186
2026-01-15 00:00:00.000,Exame,"Petróleo pesa sobre Petrobras, mas Vale e Itaú seguram o Ibovespa",NEGATIVE,-1,30.829172134399414,31.02312660217285,30.198816299438477,29.442392349243164,29.38420295715332,29.287227630615234,-0.006251931672156248,0.027296113018499418,0.025691660556067444,0.0019802950644838935,0.0033111815075563293,0.04710146406264768,0.05264904289446355
2026-01-15 00:00:00.000,Exame,"Ibovespa resiste à Petrobras, fecha em leve alta e bate novo recorde",NEGATIVE,-1,30.829172134399414,31.02312660217285,30.198816299438477,29.442392349243164,29.38420295715332,29.287227630615234,-0.006251931672156248,0.027296113018499418,0.025691660556067444,0.0019802950644838935,0.0033111815075563293,0.04710146406264768,0.05264904289446355
2026-01-16 00:00:00.000,Exame,"Ibovespa fecha em baixa com temor de Selic alta, mas sobe 0,9% na semana",NEGATIVE,-1,31.07161521911621,30.829172134399414,31.02312660217285,30.198816299438477,29.442392349243164,29.38420295715332,0.00786408028278765,-0.006251931672156248,0.027296113018499418,0.025691660556067444,0.0019802950644838935,0.028901759294915258,0.05742583062141916
2026-01-16 00:00:00.000,Exame,"Petrobras produz 2,4 milhões de barris de petróleo por dia em 2025",POSITIVE,1,31.07161521911621,30.829172134399414,31.02312660217285,30.198816299438477,29.442392349243164,29.38420295715332,0.00786408028278765,-0.006251931672156248,0.027296113018499418,0.025691660556067444,0.0019802950644838935,0.028901759294915258,0.05742583062141916
2026-01-20 00:00:00.000,Exame,Ibovespa descola de Nova York e sobe com impulso de Petrobras e bancos,POSITIVE,1,31.31406021118164,31.197683334350586,31.07161521911621,30.829172134399414,31.02312660217285,30.198816299438477,0.0037303050865612358,0.004057340255578796,0.00786408028278765,-0.006251931672156248,0.027296113018499418,0.01572822243388057,0.036930053836709525
2026-01-21 00:00:00.000,Exame,"Com apenas três ações em baixa, Ibovespa tem maior alta diária em um ano",POSITIVE,1,32.41960525512695,31.31406021118164,31.197683334350586,31.07161521911621,30.829172134399414,31.02312660217285,0.035305068601437506,0.0037303050865612358,0.004057340255578796,0.00786408028278765,-0.006251931672156248,0.043383326759962496,0.045014117076655084
2026-01-22 00:00:00.000,Exame,Por que a Petrobras avança em dia de queda do petróleo?,NEGATIVE,-1,32.56507110595703,32.41960525512695,31.31406021118164,31.197683334350586,31.07161521911621,30.829172134399414,0.004486971685353067,0.035305068601437506,0.0037303050865612358,0.004057340255578796,0.00786408028278765,0.043829785595037,0.05630702517699749
2026-01-22 00:00:00.000,Exame,Ibovespa renova recorde aos 177 mil pontos; apenas uma ação cai,POSITIVE,1,32.56507110595703,32.41960525512695,31.31406021118164,31.197683334350586,31.07161521911621,30.829172134399414,0.004486971685353067,0.035305068601437506,0.0037303050865612358,0.004057340255578796,0.00786408028278765,0.043829785595037,0.05630702517699749
2026-01-26 00:00:00.000,Exame,"Se eu tivesse investido R$ 1 mil na Petrobras no começo do ano, teria quanto hoje?",POSITIVE,1,34.2912712097168,33.9809455871582,32.56507110595703,32.41960525512695,31.31406021118164,31.197683334350586,0.00913234217578305,0.04347831689340823,0.004486971685353067,0.035305068601437506,0.0037303050865612358,0.05773253375112739,0.09916082044335577
2026-01-26 00:00:00.000,Exame,Ibovespa opera de lado após recordes; Vale e Petrobras sobem,POSITIVE,1,34.2912712097168,33.9809455871582,32.56507110595703,32.41960525512695,31.31406021118164,31.197683334350586,0.00913234217578305,0.04347831689340823,0.004486971685353067,0.035305068601437506,0.0037303050865612358,0.05773253375112739,0.09916082044335577
2026-01-29 00:00:00.000,Exame,"Ibovespa renova máxima aos 186 mil com Copom, Vale e Petrobras",POSITIVE,1,36.560546875,36.21142578125,35.03799819946289,34.2912712097168,33.9809455871582,32.56507110595703,0.009641186068149028,0.033490143332591905,0.021776007811996796,0.00913234217578305,0.04347831689340823,0.06617648122185041,0.12269206340876339
2026-02-02 00:00:00.000,Exame,"Ibovespa supera queda da Petrobras e fecha em alta de 0,8%",NEGATIVE,-1,36.11444854736328,36.61872863769531,36.560546875,36.21142578125,35.03799819946289,34.2912712097168,-0.013771097716727538,0.0015913810833912067,0.009641186068149028,0.033490143332591905,0.021776007811996796,-0.002678083831124176,0.0531673884731887
2026-02-02 00:00:00.000,Exame,"Ibovespa perde força, mesmo com NY em alta: Petrobras pesa",NEGATIVE,-1,36.11444854736328,36.61872863769531,36.560546875,36.21142578125,35.03799819946289,34.2912712097168,-0.013771097716727538,0.0015913810833912067,0.009641186068149028,0.033490143332591905,0.021776007811996796,-0.002678083831124176,0.0531673884731887
2026-02-02 00:00:00.000,Exame,Carnaval e dividendos: veja quais empresas pagam proventos em fevereiro,NEUTRAL,0,36.11444854736328,36.61872863769531,36.560546875,36.21142578125,35.03799819946289,34.2912712097168,-0.013771097716727538,0.0015913810833912067,0.009641186068149028,0.033490143332591905,0.021776007811996796,-0.002678083831124176,0.0531673884731887
2026-02-03 00:00:00.000,Exame,Ibovespa termina sessão acima dos 185 mil pontos e renova recorde de fechamento,POSITIVE,1,36.444175720214844,36.11444854736328,36.61872863769531,36.560546875,36.21142578125,35.03799819946289,0.009130062512767786,-0.013771097716727538,0.0015913810833912067,0.009641186068149028,0.033490143332591905,-0.003182970845130616,0.04013292976233753
2026-02-03 14:03:40.948,Valor Econômico,"Ações da Petrobras (PETR4, PETR3) sobem mais de 4% com disparada no petróleo em meio a conflito no Oriente Médio",NEGATIVE,-1,36.385986328125,36.444175720214844,36.11444854736328,36.61872863769531,36.560546875,36.21142578125,-0.0015966719219161069,0.009130062512767786,-0.013771097716727538,0.0015913810833912067,0.009641186068149028,-0.006355827147169922,0.004820593034074514
2026-02-04 00:00:00.000,Exame,Investidores embolsam lucros após rali e Ibovespa cai mais de 2%,NEGATIVE,-1,36.385986328125,36.444175720214844,36.11444854736328,36.61872863769531,36.560546875,36.21142578125,-0.0015966719219161069,0.009130062512767786,-0.013771097716727538,0.0015913810833912067,0.009641186068149028,-0.006355827147169922,0.004820593034074514
2026-02-04 00:00:00.000,Exame,Ibovespa recua após recorde com apenas seis ações em alta; veja quais são,NEGATIVE,-1,36.385986328125,36.444175720214844,36.11444854736328,36.61872863769531,36.560546875,36.21142578125,-0.0015966719219161069,0.009130062512767786,-0.013771097716727538,0.0015913810833912067,0.009641186068149028,-0.006355827147169922,0.004820593034074514
2026-02-10 00:00:00.000,Exame,"Produção da Petrobras cresce 19% no 4º trimestre, puxada pelo pré-sal",POSITIVE,1,36.22112274169922,36.19203186035156,35.54228210449219,35.8817024230957,36.385986328125,36.444175720214844,0.0008037924330942404,0.018281036483508557,-0.009459426272512743,-0.013859289136254756,-0.0015966719219161069,0.009459426272512743,-0.006120401246773213
2026-02-11 00:00:00.000,Exame,Ibovespa bate 11° recorde de fechamento no ano após chegar aos 189 mil pontos,POSITIVE,1,36.92906188964844,36.22112274169922,36.19203186035156,35.54228210449219,35.8817024230957,36.385986328125,0.019544925567263286,0.0008037924330942404,0.018281036483508557,-0.009459426272512743,-0.013859289136254756,0.03901774739953952,0.014925404429772473
2026-02-11 00:00:00.000,Exame,Ibovespa bate marca histórica de 190 mil pontos,POSITIVE,1,36.92906188964844,36.22112274169922,36.19203186035156,35.54228210449219,35.8817024230957,36.385986328125,0.019544925567263286,0.0008037924330942404,0.018281036483508557,-0.009459426272512743,-0.013859289136254756,0.03901774739953952,0.014925404429772473
2026-02-11 00:00:00.000,Exame,Ibovespa volta a subir forte e se reaproxima dos 190 mil pontos,POSITIVE,1,36.92906188964844,36.22112274169922,36.19203186035156,35.54228210449219,35.8817024230957,36.385986328125,0.019544925567263286,0.0008037924330942404,0.018281036483508557,-0.009459426272512743,-0.013859289136254756,0.03901774739953952,0.014925404429772473
2026-02-11 00:00:00.000,Exame,Comprou ou não comprou? Entenda a polêmica aquisição da Petrobras na Namíbia,NEUTRAL,0,36.92906188964844,36.22112274169922,36.19203186035156,35.54228210449219,35.8817024230957,36.385986328125,0.019544925567263286,0.0008037924330942404,0.018281036483508557,-0.009459426272512743,-0.013859289136254756,0.03901774739953952,0.014925404429772473
2026-02-12 00:00:00.000,Exame,Ibovespa acompanha NY e firma queda com pressão de Petrobras e bancos,NEGATIVE,-1,35.98837661743164,36.92906188964844,36.22112274169922,36.19203186035156,35.54228210449219,35.8817024230957,-0.02547276383645369,0.019544925567263286,0.0008037924330942404,0.018281036483508557,-0.009459426272512743,-0.005627074039549202,0.00297294128015719
2026-02-12 00:00:00.000,Exame,Ibovespa cai forte e opera abaixo dos 188 mil pontos com pressão da Petrobras,NEGATIVE,-1,35.98837661743164,36.92906188964844,36.22112274169922,36.19203186035156,35.54228210449219,35.8817024230957,-0.02547276383645369,0.019544925567263286,0.0008037924330942404,0.018281036483508557,-0.009459426272512743,-0.005627074039549202,0.00297294128015719
2026-02-18 00:00:00.000,Exame,Ibovespa firma queda com tombo da Vale no pós-carnaval,NEGATIVE,-1,36.06595993041992,35.775028228759766,35.98837661743164,36.92906188964844,36.22112274169922,36.19203186035156,0.008132256382855191,-0.005928258196801679,-0.02547276383645369,0.019544925567263286,0.0008037924330942404,-0.023371889646361454,-0.0034834167481420865
2026-02-19 00:00:00.000,Exame,Ibovespa sobe com Petrobras em dia marcado por tensão entre EUA e Irã,NEGATIVE,-1,36.66722106933594,36.06595993041992,35.775028228759766,35.98837661743164,36.92906188964844,36.22112274169922,0.01667115307830419,0.008132256382855191,-0.005928258196801679,-0.02547276383645369,0.019544925567263286,0.018862880621725125,0.012315971838254267
2026-02-19 00:00:00.000,Exame,"Ibovespa fecha em alta de 1,35% com Petrobras e retoma os 188 mil pontos",POSITIVE,1,36.66722106933594,36.06595993041992,35.775028228759766,35.98837661743164,36.92906188964844,36.22112274169922,0.01667115307830419,0.008132256382855191,-0.005928258196801679,-0.02547276383645369,0.019544925567263286,0.018862880621725125,0.012315971838254267
2026-02-19 00:00:00.000,Exame,Ibovespa sobe mais de 1% com Petrobras e apenas 9 ações em baixa; dólar cai,NEGATIVE,-1,36.66722106933594,36.06595993041992,35.775028228759766,35.98837661743164,36.92906188964844,36.22112274169922,0.01667115307830419,0.008132256382855191,-0.005928258196801679,-0.02547276383645369,0.019544925567263286,0.018862880621725125,0.012315971838254267
2026-02-20 00:00:00.000,Exame,Ibovespa cai e perde os 188 mil pontos com pressão de 'blue chips',NEGATIVE,-1,36.822383880615234,36.66722106933594,36.06595993041992,35.775028228759766,35.98837661743164,36.92906188964844,0.004231649052048191,0.01667115307830419,0.008132256382855191,-0.005928258196801679,-0.02547276383645369,0.029276165630345838,-0.0028887278358702626
2026-02-23 00:00:00.000,Exame,"Sem direção definida, Ibovespa toca os 191 mil pontos pela primeira vez",POSITIVE,1,37.423648834228516,36.822383880615234,36.66722106933594,36.06595993041992,35.775028228759766,35.98837661743164,0.016328789454878586,0.004231649052048191,0.01667115307830419,0.008132256382855191,-0.005928258196801679,0.03764460744779589,0.03988154931394361
2026-02-23 00:00:00.000,Exame,Ibovespa apaga perdas e passa a subir com ganhos da Petrobras,NEGATIVE,-1,37.423648834228516,36.822383880615234,36.66722106933594,36.06595993041992,35.775028228759766,35.98837661743164,0.016328789454878586,0.004231649052048191,0.01667115307830419,0.008132256382855191,-0.005928258196801679,0.03764460744779589,0.03988154931394361
2026-02-23 00:00:00.000,Exame,Ibovespa acelera queda após bater marca histórica de 191 mil pontos,NEGATIVE,-1,37.423648834228516,36.822383880615234,36.66722106933594,36.06595993041992,35.775028228759766,35.98837661743164,0.016328789454878586,0.004231649052048191,0.01667115307830419,0.008132256382855191,-0.005928258196801679,0.03764460744779589,0.03988154931394361
2026-02-24 00:00:00.000,Exame,"Ibovespa sobe mais de 1% e renova recorde; dólar cai para R$ 5,14",POSITIVE,1,38.374027252197266,37.423648834228516,36.822383880615234,36.66722106933594,36.06595993041992,35.775028228759766,0.025395129752807867,0.016328789454878586,0.004231649052048191,0.01667115307830419,0.008132256382855191,0.04654855571503061,0.07264841293257593
2026-02-24 00:00:00.000,Exame,Ibovespa sobe quase 1% e retoma os 190 mil pontos,POSITIVE,1,38.374027252197266,37.423648834228516,36.822383880615234,36.66722106933594,36.06595993041992,35.775028228759766,0.025395129752807867,0.016328789454878586,0.004231649052048191,0.01667115307830419,0.008132256382855191,0.04654855571503061,0.07264841293257593
2026-02-25 00:00:00.000,Exame,Ibovespa vira e passa cair após superar os 192 mil pontos,NEGATIVE,-1,38.374027252197266,38.374027252197266,37.423648834228516,36.822383880615234,36.66722106933594,36.06595993041992,0.0,0.025395129752807867,0.016328789454878586,0.004231649052048191,0.01667115307830419,0.042138590934599374,0.06399572689123405
2026-02-26 00:00:00.000,Exame,Ibovespa recua para os 190 mil pontos com baixas de Vale e Petrobras,NEGATIVE,-1,38.412818908691406,38.374027252197266,38.374027252197266,37.423648834228516,36.822383880615234,36.66722106933594,0.001010883122566174,0.0,0.025395129752807867,0.016328789454878586,0.004231649052048191,0.026431684383436533,0.04760649398694894
2026-02-26 00:00:00.000,Exame,"Nvidia fatura, em um trimestre, quase o dobro da receita da Vale em um ano",POSITIVE,1,38.412818908691406,38.374027252197266,38.374027252197266,37.423648834228516,36.822383880615234,36.66722106933594,0.001010883122566174,0.0,0.025395129752807867,0.016328789454878586,0.004231649052048191,0.026431684383436533,0.04760649398694894
2026-02-26 11:18:00.000,BloombergLinea,"Vale (VALE3) e Petrobras (PETR4) pressionam Ibovespa; dólar sobe a R$ 5,13",NEGATIVE,-1,38.14128112792969,38.412818908691406,38.374027252197266,38.374027252197266,37.423648834228516,36.822383880615234,-0.007068936580967239,0.001010883122566174,0.0,0.025395129752807867,0.016328789454878586,-0.006065199327085256,0.035817812654133266
2026-03-02 00:00:00.000,Exame,Dividendos: veja quais empresas pagam proventos em março,NEUTRAL,0,39.88687515258789,38.14128112792969,38.412818908691406,38.374027252197266,38.374027252197266,37.423648834228516,0.04576652836603221,-0.007068936580967239,0.001010883122566174,0.0,0.025395129752807867,0.03942374592189827,0.06582004681773447
2026-03-02 00:00:00.000,Exame,"Após virada, Ibovespa fecha em alta de 0,3% com impulso de Petrobras",POSITIVE,1,39.88687515258789,38.14128112792969,38.412818908691406,38.374027252197266,38.374027252197266,37.423648834228516,0.04576652836603221,-0.007068936580967239,0.001010883122566174,0.0,0.025395129752807867,0.03942374592189827,0.06582004681773447
2026-03-02 00:00:00.000,Exame,Petrobras salta mais de 6% em Nova York com disparada do petróleo,NEGATIVE,-1,39.88687515258789,38.14128112792969,38.412818908691406,38.374027252197266,38.374027252197266,37.423648834228516,0.04576652836603221,-0.007068936580967239,0.001010883122566174,0.0,0.025395129752807867,0.03942374592189827,0.06582004681773447
2026-03-02 00:00:00.000,Exame,Ações da Petrobras e PRIO disparam no Ibovespa com conflitos no Irã,NEGATIVE,-1,39.88687515258789,38.14128112792969,38.412818908691406,38.374027252197266,38.374027252197266,37.423648834228516,0.04576652836603221,-0.007068936580967239,0.001010883122566174,0.0,0.025395129752807867,0.03942374592189827,0.06582004681773447
2026-03-02 19:11:00.000,BloombergLinea,Ibovespa fecha em alta com avanço da Petrobras após ataque ao Irã; dólar sobe,NEGATIVE,-1,39.712318420410156,39.88687515258789,38.14128112792969,38.412818908691406,38.374027252197266,38.374027252197266,-0.004376294997037616,0.04576652836603221,-0.007068936580967239,0.001010883122566174,0.0,0.033829839846112444,0.03487492098281817
2026-03-03 00:00:00.000,Exame,PRIO é favorita de analistas para crise no Irã e desbanca Petrobras,NEGATIVE,-1,39.712318420410156,39.88687515258789,38.14128112792969,38.412818908691406,38.374027252197266,38.374027252197266,-0.004376294997037616,0.04576652836603221,-0.007068936580967239,0.001010883122566174,0.0,0.033829839846112444,0.03487492098281817
2026-03-03 08:02:39.330,Valor Econômico,"Com guerra no radar, seleção de ações para março reduz risco",NEGATIVE,-1,39.275917053222656,39.712318420410156,39.88687515258789,38.14128112792969,38.412818908691406,38.374027252197266,-0.010989067990631627,-0.004376294997037616,0.04576652836603221,-0.007068936580967239,0.001010883122566174,0.029748238437174827,0.023502610114338445
2026-03-03 13:50:03.826,Valor Econômico,Ibovespa tomba mais de 3% em dia de forte aversão a risco; apenas petroleiras avançam,NEGATIVE,-1,39.275917053222656,39.712318420410156,39.88687515258789,38.14128112792969,38.412818908691406,38.374027252197266,-0.010989067990631627,-0.004376294997037616,0.04576652836603221,-0.007068936580967239,0.001010883122566174,0.029748238437174827,0.023502610114338445
2026-03-03 14:33:43.305,Valor Econômico,Ação da Vale tomba 4% com maior aversão a risco nos mercados; Petrobras tem teve alta,NEGATIVE,-1,39.275917053222656,39.712318420410156,39.88687515258789,38.14128112792969,38.412818908691406,38.374027252197266,-0.010989067990631627,-0.004376294997037616,0.04576652836603221,-0.007068936580967239,0.001010883122566174,0.029748238437174827,0.023502610114338445
2026-03-04 00:00:00.000,Exame,"Ibovespa recupera parte das perdas com Irã e fecha em alta de 1,2%",POSITIVE,1,39.275917053222656,39.712318420410156,39.88687515258789,38.14128112792969,38.412818908691406,38.374027252197266,-0.010989067990631627,-0.004376294997037616,0.04576652836603221,-0.007068936580967239,0.001010883122566174,0.029748238437174827,0.023502610114338445
2026-03-04 00:00:00.000,Exame,"Ibovespa mantém alta, mas Petrobras não acompanha virada do petróleo e recua",NEGATIVE,-1,39.275917053222656,39.712318420410156,39.88687515258789,38.14128112792969,38.412818908691406,38.374027252197266,-0.010989067990631627,-0.004376294997037616,0.04576652836603221,-0.007068936580967239,0.001010883122566174,0.029748238437174827,0.023502610114338445
2026-03-04 00:00:00.000,Exame,"Petrobras freia alta do Ibovespa, com petróleo em baixa no exterior",NEGATIVE,-1,39.275917053222656,39.712318420410156,39.88687515258789,38.14128112792969,38.412818908691406,38.374027252197266,-0.010989067990631627,-0.004376294997037616,0.04576652836603221,-0.007068936580967239,0.001010883122566174,0.029748238437174827,0.023502610114338445
2026-03-05 00:00:00.000,Exame,"Petrobras: conselho aprova proposta de R$ 8,1 bilhões em dividendos",NEUTRAL,0,39.460174560546875,39.275917053222656,39.712318420410156,39.88687515258789,38.14128112792969,38.412818908691406,0.004691361046376894,-0.010989067990631627,-0.004376294997037616,0.04576652836603221,-0.007068936580967239,-0.01069776938927067,0.027265784746104398
2026-03-05 00:00:00.000,Exame,Petrobras reverte prejuízo no 4º tri e compensa recuo do petróleo com produção,NEGATIVE,-1,39.460174560546875,39.275917053222656,39.712318420410156,39.88687515258789,38.14128112792969,38.412818908691406,0.004691361046376894,-0.010989067990631627,-0.004376294997037616,0.04576652836603221,-0.007068936580967239,-0.01069776938927067,0.027265784746104398
2026-03-05 00:00:00.000,Exame,Desemprego no Brasil e nos EUA e balanço da Petrobras: o que move os mercados,NEGATIVE,-1,39.460174560546875,39.275917053222656,39.712318420410156,39.88687515258789,38.14128112792969,38.412818908691406,0.004691361046376894,-0.010989067990631627,-0.004376294997037616,0.04576652836603221,-0.007068936580967239,-0.01069776938927067,0.027265784746104398
2026-03-05 00:00:00.000,Exame,Por que a Petrobras cai mesmo com o petróleo em alta no mercado?,NEGATIVE,-1,39.460174560546875,39.275917053222656,39.712318420410156,39.88687515258789,38.14128112792969,38.412818908691406,0.004691361046376894,-0.010989067990631627,-0.004376294997037616,0.04576652836603221,-0.007068936580967239,-0.01069776938927067,0.027265784746104398
2026-03-05 00:00:00.000,Exame,"Ibovespa volta a cair; Petrobras recua, mesmo com alta do petróleo",NEGATIVE,-1,39.460174560546875,39.275917053222656,39.712318420410156,39.88687515258789,38.14128112792969,38.412818908691406,0.004691361046376894,-0.010989067990631627,-0.004376294997037616,0.04576652836603221,-0.007068936580967239,-0.01069776938927067,0.027265784746104398
2026-03-06 00:00:00.000,Exame,Petrobras sobe 6% no Brasil e nos EUA com balanço e petróleo em alta,NEGATIVE,-1,40.885746002197266,39.460174560546875,39.275917053222656,39.712318420410156,39.88687515258789,38.14128112792969,0.03612684073313014,0.004691361046376894,-0.010989067990631627,-0.004376294997037616,0.04576652836603221,0.02954820137582363,0.0719552357211696
2026-03-06 00:00:00.000,Exame,Petrobras responde se combustível vai ficar mais caro com alta do petróleo,NEGATIVE,-1,40.885746002197266,39.460174560546875,39.275917053222656,39.712318420410156,39.88687515258789,38.14128112792969,0.03612684073313014,0.004691361046376894,-0.010989067990631627,-0.004376294997037616,0.04576652836603221,0.02954820137582363,0.0719552357211696
2026-03-06 00:00:00.000,Exame,ADRs da Petrobras sobem mais de 2% após balanço e disparada do petróleo,POSITIVE,1,40.885746002197266,39.460174560546875,39.275917053222656,39.712318420410156,39.88687515258789,38.14128112792969,0.03612684073313014,0.004691361046376894,-0.010989067990631627,-0.004376294997037616,0.04576652836603221,0.02954820137582363,0.0719552357211696
2026-03-09 00:00:00.000,Exame,Petrobras sobe com disparada do petróleo: é hora de comprar a ação?,NEGATIVE,-1,41.85552215576172,40.885746002197266,39.460174560546875,39.275917053222656,39.712318420410156,39.88687515258789,0.02371917473420531,0.03612684073313014,0.004691361046376894,-0.010989067990631627,-0.004376294997037616,0.06567905464927652,0.04935575914740718
2026-03-09 00:00:00.000,Exame,Petróleo a US$ 100: quando a gasolina vai ficar mais cara no Brasil?,NEGATIVE,-1,41.85552215576172,40.885746002197266,39.460174560546875,39.275917053222656,39.712318420410156,39.88687515258789,0.02371917473420531,0.03612684073313014,0.004691361046376894,-0.010989067990631627,-0.004376294997037616,0.06567905464927652,0.04935575914740718
2026-03-09 00:00:00.000,Exame,"Petroleira de Eike Batista, OGX estreou em ano recorde do barril",POSITIVE,1,41.85552215576172,40.885746002197266,39.460174560546875,39.275917053222656,39.712318420410156,39.88687515258789,0.02371917473420531,0.03612684073313014,0.004691361046376894,-0.010989067990631627,-0.004376294997037616,0.06567905464927652,0.04935575914740718
2026-03-09 00:00:00.000,Exame,Ibovespa zera perdas com forte avanço da Petrobras; dólar mantém queda,NEGATIVE,-1,41.85552215576172,40.885746002197266,39.460174560546875,39.275917053222656,39.712318420410156,39.88687515258789,0.02371917473420531,0.03612684073313014,0.004691361046376894,-0.010989067990631627,-0.004376294997037616,0.06567905464927652,0.04935575914740718
2026-03-09 00:00:00.000,Exame,"Ibovespa recua, mas petroleiras limitam queda; dólar vira e cai para R$ 5,22",NEGATIVE,-1,41.85552215576172,40.885746002197266,39.460174560546875,39.275917053222656,39.712318420410156,39.88687515258789,0.02371917473420531,0.03612684073313014,0.004691361046376894,-0.010989067990631627,-0.004376294997037616,0.06567905464927652,0.04935575914740718
2026-03-11 00:00:00.000,Exame,"Ibovespa fecha em leve alta com Petrobras; dólar se mantém em R$ 5,15",POSITIVE,1,43.445953369140625,41.63247299194336,41.85552215576172,40.885746002197266,39.460174560546875,39.275917053222656,0.04355927589380067,-0.00532902595237735,0.02371917473420531,0.03612684073313014,0.004691361046376894,0.06261858024568684,0.10617285677294733
2026-03-11 00:00:00.000,Exame,Petrobras segura Ibovespa em novo dia de cautela nos mercados,NEGATIVE,-1,43.445953369140625,41.63247299194336,41.85552215576172,40.885746002197266,39.460174560546875,39.275917053222656,0.04355927589380067,-0.00532902595237735,0.02371917473420531,0.03612684073313014,0.004691361046376894,0.06261858024568684,0.10617285677294733
2026-03-12 00:00:00.000,Exame,"Petrobras, PRIO, Brava e PetroReconcavo: ações de petroleiras reagem às medidas do governo",NEGATIVE,-1,43.63991165161133,43.445953369140625,41.63247299194336,41.85552215576172,40.885746002197266,39.460174560546875,0.004464357838409651,0.04355927589380067,-0.00532902595237735,0.02371917473420531,0.03612684073313014,0.042632116479377744,0.1059229245083838
2026-03-12 00:00:00.000,Exame,O que acontece se a Petrobras não repassar a alta do petróleo aos combustíveis?,NEGATIVE,-1,43.63991165161133,43.445953369140625,41.63247299194336,41.85552215576172,40.885746002197266,39.460174560546875,0.004464357838409651,0.04355927589380067,-0.00532902595237735,0.02371917473420531,0.03612684073313014,0.042632116479377744,0.1059229245083838
2026-03-13 00:00:00.000,Exame,Ibovespa apaga ganhos com blue chips em queda; dólar vira para alta,NEGATIVE,-1,43.319881439208984,43.63991165161133,43.445953369140625,41.63247299194336,41.85552215576172,40.885746002197266,-0.007333429429400029,0.004464357838409651,0.04355927589380067,-0.00532902595237735,0.02371917473420531,0.0405310644792148,0.05953506233886265
2026-03-13 00:00:00.000,Exame,Petroleiras operam sem direção única mesmo com virada do petróleo,NEGATIVE,-1,43.319881439208984,43.63991165161133,43.445953369140625,41.63247299194336,41.85552215576172,40.885746002197266,-0.007333429429400029,0.004464357838409651,0.04355927589380067,-0.00532902595237735,0.02371917473420531,0.0405310644792148,0.05953506233886265
2026-03-16 00:00:00.000,Exame,"Ibovespa fecha em alta de 1,2%, próximo dos 180 mil pontos; dólar cai para R$ 5,23",POSITIVE,1,44.47391891479492,43.319881439208984,43.63991165161133,43.445953369140625,41.63247299194336,41.85552215576172,0.026639903832733344,-0.007333429429400029,0.004464357838409651,0.04355927589380067,-0.00532902595237735,0.02366078923208655,0.06255797620416884
2026-03-16 00:00:00.000,Exame,Ibovespa sobe 2% com blue chips; Petrobras avança mesmo com petróleo em queda,NEGATIVE,-1,44.47391891479492,43.319881439208984,43.63991165161133,43.445953369140625,41.63247299194336,41.85552215576172,0.026639903832733344,-0.007333429429400029,0.004464357838409651,0.04355927589380067,-0.00532902595237735,0.02366078923208655,0.06255797620416884
2026-03-16 00:00:00.000,Exame,"Ibovespa avança 1% e busca os 180 mil pontos com Vale, Petrobras e bancos",POSITIVE,1,44.47391891479492,43.319881439208984,43.63991165161133,43.445953369140625,41.63247299194336,41.85552215576172,0.026639903832733344,-0.007333429429400029,0.004464357838409651,0.04355927589380067,-0.00532902595237735,0.02366078923208655,0.06255797620416884
2026-03-17 00:00:00.000,Exame,"Ibovespa volta a subir forte com Petrobras; dólar cede e vai a R$ 5,18",POSITIVE,1,44.97819900512695,44.47391891479492,43.319881439208984,43.63991165161133,43.445953369140625,41.63247299194336,0.011338782428824253,0.026639903832733344,-0.007333429429400029,0.004464357838409651,0.04355927589380067,0.03066659172455522,0.08036337437439886
2026-03-17 00:00:00.000,Exame,"Ibovespa reduz alta, puxado por Vale e Itaú; dólar vai a R$ 5,19",POSITIVE,1,44.97819900512695,44.47391891479492,43.319881439208984,43.63991165161133,43.445953369140625,41.63247299194336,0.011338782428824253,0.026639903832733344,-0.007333429429400029,0.004464357838409651,0.04355927589380067,0.03066659172455522,0.08036337437439886
2026-03-17 00:00:00.000,Exame,Ibovespa sobe mais de 1% mesmo com dúvidas sobre corte de juros; dólar cai,POSITIVE,1,44.97819900512695,44.47391891479492,43.319881439208984,43.63991165161133,43.445953369140625,41.63247299194336,0.011338782428824253,0.026639903832733344,-0.007333429429400029,0.004464357838409651,0.04355927589380067,0.03066659172455522,0.08036337437439886
2026-03-17 00:00:00.000,Exame,"Três motivos para ter ações de Petrobras, segundo o BTG",NEUTRAL,0,44.97819900512695,44.47391891479492,43.319881439208984,43.63991165161133,43.445953369140625,41.63247299194336,0.011338782428824253,0.026639903832733344,-0.007333429429400029,0.004464357838409651,0.04355927589380067,0.03066659172455522,0.08036337437439886
2026-03-18 00:00:00.000,Exame,"Em 2018, greve dos caminhoneiros derrubou Ibovespa e Petrobras caiu 26%",NEGATIVE,-1,45.5794563293457,44.97819900512695,44.47391891479492,43.319881439208984,43.63991165161133,43.445953369140625,0.013367750099336217,0.011338782428824253,0.026639903832733344,-0.007333429429400029,0.004464357838409651,0.0521602279384719,0.04910705818969302
2026-03-19 00:00:00.000,Exame,Ibovespa recua apesar da alta da Petrobras; dólar zera ganhos,NEGATIVE,-1,45.36610794067383,45.5794563293457,44.97819900512695,44.47391891479492,43.319881439208984,43.63991165161133,-0.004680801524491058,0.013367750099336217,0.011338782428824253,0.026639903832733344,-0.007333429429400029,0.02006094915062918,0.03955544875624795
2026-03-24 00:00:00.000,Exame,Ibovespa fecha em leve alta com Petrobras; dólar sobe com incerteza sobre guerra,NEGATIVE,-1,45.84130096435547,44.63877868652344,44.28965377807617,45.36610794067383,45.5794563293457,44.97819900512695,0.02693896009737999,0.007882764453220585,-0.023728157681178138,-0.004680801524491058,0.013367750099336217,0.010474626218829707,0.019189340131874396
2026-03-24 00:00:00.000,Exame,"Ibovespa zera perdas com desempenho da Petrobras, que sobe mais de 3%",NEGATIVE,-1,45.84130096435547,44.63877868652344,44.28965377807617,45.36610794067383,45.5794563293457,44.97819900512695,0.02693896009737999,0.007882764453220585,-0.023728157681178138,-0.004680801524491058,0.013367750099336217,0.010474626218829707,0.019189340131874396
2026-03-27 00:00:00.000,Exame,"Ibovespa oscila e volta a cair, apesar da Petrobras; dólar mantém queda",NEGATIVE,-1,47.91661834716797,46.56863021850586,46.06434631347656,45.84130096435547,44.63877868652344,44.28965377807617,0.028946269674181523,0.01094738003221732,0.0048655981490256075,0.02693896009737999,0.007882764453220585,0.04527178197726525,0.08189191514717103
2026-03-27 00:00:00.000,Exame,Ibovespa zera perdas e sobe com Vale e Petrobras; dólar vira e cai,NEGATIVE,-1,47.91661834716797,46.56863021850586,46.06434631347656,45.84130096435547,44.63877868652344,44.28965377807617,0.028946269674181523,0.01094738003221732,0.0048655981490256075,0.02693896009737999,0.007882764453220585,0.04527178197726525,0.08189191514717103
2026-03-30 00:00:00.000,Exame,"Ibovespa sobe mais de 1% com Vale, Petrobras e bancos; dólar recua",POSITIVE,1,48.168758392333984,47.91661834716797,46.56863021850586,46.06434631347656,45.84130096435547,44.63877868652344,0.005262058422804328,0.028946269674181523,0.01094738003221732,0.0048655981490256075,0.02693896009737999,0.04568418413096543,0.07907876984269413
2026-04-01 00:00:00.000,Exame,Ibovespa oscila entre estabilidade e ganhos moderados com Petrobras em forte queda,NEGATIVE,-1,45.93827438354492,47.19898223876953,48.168758392333984,47.91661834716797,46.56863021850586,46.06434631347656,-0.02671048813821787,-0.020132886666200476,0.005262058422804328,0.028946269674181523,0.01094738003221732,-0.04128722000558233,-0.0027368657111445233
2026-04-01 00:00:00.000,Exame,"Ibovespa acompanha exterior e opera em alta, mesmo com tombo da Petrobras",POSITIVE,1,45.93827438354492,47.19898223876953,48.168758392333984,47.91661834716797,46.56863021850586,46.06434631347656,-0.02671048813821787,-0.020132886666200476,0.005262058422804328,0.028946269674181523,0.01094738003221732,-0.04128722000558233,-0.0027368657111445233
2026-04-01 00:00:00.000,Exame,Ibovespa zera ganhos pressionado por queda de mais de 3% da Petrobras,NEGATIVE,-1,45.93827438354492,47.19898223876953,48.168758392333984,47.91661834716797,46.56863021850586,46.06434631347656,-0.02671048813821787,-0.020132886666200476,0.005262058422804328,0.028946269674181523,0.01094738003221732,-0.04128722000558233,-0.0027368657111445233
2026-04-01 13:44:31.531,Valor Econômico,Ibovespa sobe após sinalizações de Trump sobre Irã e apesar de queda da Petrobras,NEGATIVE,-1,46.6947021484375,45.93827438354492,47.19898223876953,48.168758392333984,47.91661834716797,46.56863021850586,0.016466177170197112,-0.02671048813821787,-0.020132886666200476,0.005262058422804328,0.028946269674181523,-0.030601914873751013,0.0027072286502758465
2026-04-02 20:48:58.629,Valor Econômico,Ibovespa tem sessão volátil e fecha estável com incertezas sobre guerra no Irã,NEGATIVE,-1,47.46082305908203,46.6947021484375,45.93827438354492,47.19898223876953,48.168758392333984,47.91661834716797,0.016407019970041018,0.016466177170197112,-0.02671048813821787,-0.020132886666200476,0.005262058422804328,0.005547594627949888,-0.009512259082717103
2026-04-03 00:00:00.000,Exame,Petrobras é consenso das carteiras de abril e desbanca PRIO,POSITIVE,1,47.46082305908203,46.6947021484375,45.93827438354492,47.19898223876953,48.168758392333984,47.91661834716797,0.016407019970041018,0.016466177170197112,-0.02671048813821787,-0.020132886666200476,0.005262058422804328,0.005547594627949888,-0.009512259082717103
2026-04-06 20:33:16.219,Valor Econômico,Ibovespa fecha estável após pregão instável com incertezas sobre cessar-fogo entre EUA e Irã,NEGATIVE,-1,47.043819427490234,47.46082305908203,46.6947021484375,45.93827438354492,47.19898223876953,48.168758392333984,-0.008786270543026322,0.016407019970041018,0.016466177170197112,-0.02671048813821787,-0.020132886666200476,0.02406588098444809,-0.02335412002279849
2026-04-07 00:00:00.000,Exame,Mudança na Petrobras coloca novo nome na disputa pelo comando do conselho,NEUTRAL,0,47.043819427490234,47.46082305908203,46.6947021484375,45.93827438354492,47.19898223876953,48.168758392333984,-0.008786270543026322,0.016407019970041018,0.016466177170197112,-0.02671048813821787,-0.020132886666200476,0.02406588098444809,-0.02335412002279849
2026-04-07 00:00:00.000,Exame,Petróleo WTI tomba 15% após trégua de Trump; Petrobras derrete em NY,NEGATIVE,-1,47.043819427490234,47.46082305908203,46.6947021484375,45.93827438354492,47.19898223876953,48.168758392333984,-0.008786270543026322,0.016407019970041018,0.016466177170197112,-0.02671048813821787,-0.020132886666200476,0.02406588098444809,-0.02335412002279849
2026-04-08 00:00:00.000,Exame,"Ibovespa sai da máxima, com Petrobras em queda, mas mantém alta relevante",NEGATIVE,-1,45.20124816894531,47.043819427490234,47.46082305908203,46.6947021484375,45.93827438354492,47.19898223876953,-0.039167127179903435,-0.008786270543026322,0.016407019970041018,0.016466177170197112,-0.02671048813821787,-0.031983370934558185,-0.04232578702053596
2026-04-08 00:00:00.000,Exame,"Petrobras tomba na bolsa, mas petróleo barato pode jogar a favor da empresa",NEGATIVE,-1,45.20124816894531,47.043819427490234,47.46082305908203,46.6947021484375,45.93827438354492,47.19898223876953,-0.039167127179903435,-0.008786270543026322,0.016407019970041018,0.016466177170197112,-0.02671048813821787,-0.031983370934558185,-0.04232578702053596
2026-04-08 13:39:27.780,Valor Econômico,Ibovespa reduz alta após recorde intradiário com nova tensão no Oriente Médio,NEGATIVE,-1,46.4522590637207,45.20124816894531,47.043819427490234,47.46082305908203,46.6947021484375,45.93827438354492,0.027676467917425226,-0.039167127179903435,-0.008786270543026322,0.016407019970041018,0.016466177170197112,-0.021250453118055037,0.011188593543685446
2026-04-08 13:56:33.779,Valor Econômico,Ações da Prio e da Petrobras lideram perdas no setor com tombo nos preços do petróleo,NEGATIVE,-1,46.4522590637207,45.20124816894531,47.043819427490234,47.46082305908203,46.6947021484375,45.93827438354492,0.027676467917425226,-0.039167127179903435,-0.008786270543026322,0.016407019970041018,0.016466177170197112,-0.021250453118055037,0.011188593543685446
2026-04-09 00:00:00.000,Exame,Lucro das maiores empresas da B3 cresce 37% e vai a R$ 289 bi em 2025,POSITIVE,1,46.4522590637207,45.20124816894531,47.043819427490234,47.46082305908203,46.6947021484375,45.93827438354492,0.027676467917425226,-0.039167127179903435,-0.008786270543026322,0.016407019970041018,0.016466177170197112,-0.021250453118055037,0.011188593543685446
2026-04-09 00:00:00.000,Exame,Citi vê alta limitada para Petrobras; JP aposta em caixa e vê ação barata,NEGATIVE,-1,46.4522590637207,45.20124816894531,47.043819427490234,47.46082305908203,46.6947021484375,45.93827438354492,0.027676467917425226,-0.039167127179903435,-0.008786270543026322,0.016407019970041018,0.016466177170197112,-0.021250453118055037,0.011188593543685446
2026-04-09 00:00:00.000,Exame,Ibovespa descola do exterior com Petrobras e oscila nos 193 mil pontos,NEGATIVE,-1,46.4522590637207,45.20124816894531,47.043819427490234,47.46082305908203,46.6947021484375,45.93827438354492,0.027676467917425226,-0.039167127179903435,-0.008786270543026322,0.016407019970041018,0.016466177170197112,-0.021250453118055037,0.011188593543685446
2026-04-09 00:00:00.000,Exame,Ibovespa chega aos 194 mil pontos e bate novo recorde intradiário,POSITIVE,1,46.4522590637207,45.20124816894531,47.043819427490234,47.46082305908203,46.6947021484375,45.93827438354492,0.027676467917425226,-0.039167127179903435,-0.008786270543026322,0.016407019970041018,0.016466177170197112,-0.021250453118055037,0.011188593543685446
2026-04-09 11:15:00.000,BloombergLinea,Ibovespa sobe com impulso da Petrobras e apesar de incertezas sobre cessar-fogo no Irã,NEGATIVE,-1,47.54810333251953,46.4522590637207,45.20124816894531,47.043819427490234,47.46082305908203,46.6947021484375,0.02359076374080339,0.027676467917425226,-0.039167127179903435,-0.008786270543026322,0.016407019970041018,0.010719450741166153,0.018276188621337803
2026-04-09 18:48:00.000,BloombergLinea,Ibovespa sobe aos 195.000 pontos com Petrobras e cessar-fogo no radar,POSITIVE,1,47.54810333251953,46.4522590637207,45.20124816894531,47.043819427490234,47.46082305908203,46.6947021484375,0.02359076374080339,0.027676467917425226,-0.039167127179903435,-0.008786270543026322,0.016407019970041018,0.010719450741166153,0.018276188621337803
2026-04-10 00:00:00.000,Exame,Petrobras paga US$ 450 milhões à Petronas por 100% na Bacia de Campos,NEGATIVE,-1,47.54810333251953,46.4522590637207,45.20124816894531,47.043819427490234,47.46082305908203,46.6947021484375,0.02359076374080339,0.027676467917425226,-0.039167127179903435,-0.008786270543026322,0.016407019970041018,0.010719450741166153,0.018276188621337803
2026-04-13 00:00:00.000,Exame,Petrobras encontra hidrocarbonetos no pré-sal da Bacia de Campos,NEUTRAL,0,48.27543258666992,47.54810333251953,46.4522590637207,45.20124816894531,47.043819427490234,47.46082305908203,0.015296703825680234,0.02359076374080339,0.027676467917425226,-0.039167127179903435,-0.008786270543026322,0.06801105151420733,0.01716383060980246
2026-04-13 13:28:35.405,Valor Econômico,Ibovespa recua com tensões no Oriente Médio e pressão nos juros futuros; Petrobras limita perdas,NEGATIVE,-1,46.432865142822266,48.27543258666992,47.54810333251953,46.4522590637207,45.20124816894531,47.043819427490234,-0.0381678080365133,0.015296703825680234,0.02359076374080339,0.027676467917425226,-0.039167127179903435,-0.0004175022117187878,-0.01298691926172464
2026-04-16 00:00:00.000,Exame,"Acionistas da Petrobras aprovam orçamento de R$ 114 bi para 2026, diz jornal",NEUTRAL,0,47.1117057800293,45.47278594970703,46.432865142822266,48.27543258666992,47.54810333251953,46.4522590637207,0.03604177303178462,-0.020676716592054764,-0.0381678080365133,0.015296703825680234,0.02359076374080339,-0.024105984023061033,0.014196224889816452
2026-04-16 21:21:51.878,BloombergLinea,"Ibovespa cai na contramão do exterior e da Petrobras; dólar opera estável a R$ 4,99",NEGATIVE,-1,44.823036193847656,47.1117057800293,45.47278594970703,46.432865142822266,48.27543258666992,47.54810333251953,-0.048579637444412176,0.03604177303178462,-0.020676716592054764,-0.0381678080365133,0.015296703825680234,-0.03467003261640127,-0.05731179474425265
2026-04-17 00:00:00.000,Exame,"Ibovespa cai abaixo dos 196 mil pontos com tombo da Petrobras e recua 0,81% na semana",NEGATIVE,-1,44.823036193847656,47.1117057800293,45.47278594970703,46.432865142822266,48.27543258666992,47.54810333251953,-0.048579637444412176,0.03604177303178462,-0.020676716592054764,-0.0381678080365133,0.015296703825680234,-0.03467003261640127,-0.05731179474425265
2026-04-17 00:00:00.000,Exame,Ibovespa perde fôlego com Petrobras em queda de 7%; dólar reduz perdas,NEGATIVE,-1,44.823036193847656,47.1117057800293,45.47278594970703,46.432865142822266,48.27543258666992,47.54810333251953,-0.048579637444412176,0.03604177303178462,-0.020676716592054764,-0.0381678080365133,0.015296703825680234,-0.03467003261640127,-0.05731179474425265
2026-04-17 00:00:00.000,Exame,"Petrobras, Prio e Brava caem até 7% e limitam alta do Ibovespa",NEGATIVE,-1,44.823036193847656,47.1117057800293,45.47278594970703,46.432865142822266,48.27543258666992,47.54810333251953,-0.048579637444412176,0.03604177303178462,-0.020676716592054764,-0.0381678080365133,0.015296703825680234,-0.03467003261640127,-0.05731179474425265
2026-04-17 20:31:17.835,Valor Econômico,Ibovespa fecha abaixo dos 196 mil pontos com tombo de Petrobras após Irã anunciar reabertura de Ormuz,NEGATIVE,-1,45.59885787963867,44.823036193847656,47.1117057800293,45.47278594970703,46.432865142822266,48.27543258666992,0.017308548274949383,-0.048579637444412176,0.03604177303178462,-0.020676716592054764,-0.0381678080365133,0.00277246989157595,-0.055443826468586026
2026-04-17 21:37:34.217,BloombergLinea,"Ibovespa cai com recuo de 4,9% da Petrobras após reabertura do Estreito de Ormuz",NEGATIVE,-1,45.59885787963867,44.823036193847656,47.1117057800293,45.47278594970703,46.432865142822266,48.27543258666992,0.017308548274949383,-0.048579637444412176,0.03604177303178462,-0.020676716592054764,-0.0381678080365133,0.00277246989157595,-0.055443826468586026
2026-04-20 00:00:00.000,Exame,Por que a Petrobras pode estar torcendo para o preço do petróleo cair,NEGATIVE,-1,45.59885787963867,44.823036193847656,47.1117057800293,45.47278594970703,46.432865142822266,48.27543258666992,0.017308548274949383,-0.048579637444412176,0.03604177303178462,-0.020676716592054764,-0.0381678080365133,0.00277246989157595,-0.055443826468586026
2026-04-20 00:00:00.000,Exame,Petrobras impulsiona Ibovespa com disparada do petróleo; dólar segue abaixo de R$ 5,POSITIVE,1,45.59885787963867,44.823036193847656,47.1117057800293,45.47278594970703,46.432865142822266,48.27543258666992,0.017308548274949383,-0.048579637444412176,0.03604177303178462,-0.020676716592054764,-0.0381678080365133,0.00277246989157595,-0.055443826468586026
2026-04-20 00:00:00.000,Exame,Ibovespa fecha em leve alta com suporte de Petrobras; dólar segue abaixo de R$ 5,NEGATIVE,-1,45.59885787963867,44.823036193847656,47.1117057800293,45.47278594970703,46.432865142822266,48.27543258666992,0.017308548274949383,-0.048579637444412176,0.03604177303178462,-0.020676716592054764,-0.0381678080365133,0.00277246989157595,-0.055443826468586026
2026-04-20 13:34:06.190,Valor Econômico,Ibovespa sobe em sessão volátil com avanço da Petrobras,NEGATIVE,-1,46.22920608520508,45.59885787963867,44.823036193847656,47.1117057800293,45.47278594970703,46.432865142822266,0.013823771797755412,0.017308548274949383,-0.048579637444412176,0.03604177303178462,-0.020676716592054764,-0.018732068393887604,-0.004386097153185684
2026-04-20 20:21:56.058,Valor Econômico,Ibovespa avança com apoio de Petrobras em meio a novas tensões no Oriente Médio,POSITIVE,1,46.22920608520508,45.59885787963867,44.823036193847656,47.1117057800293,45.47278594970703,46.432865142822266,0.013823771797755412,0.017308548274949383,-0.048579637444412176,0.03604177303178462,-0.020676716592054764,-0.018732068393887604,-0.004386097153185684
2026-04-21 10:31:30.267,BloombergLinea,Por que o Bank of America decidiu elevar a recomendação da Petrobras para compra,POSITIVE,1,46.22920608520508,45.59885787963867,44.823036193847656,47.1117057800293,45.47278594970703,46.432865142822266,0.013823771797755412,0.017308548274949383,-0.048579637444412176,0.03604177303178462,-0.020676716592054764,-0.018732068393887604,-0.004386097153185684
2026-04-22 00:00:00.000,Exame,"Petrobras sobe, mas Ibovespa é pressionado por Vale e bancos; dólar cai para R$ 4,96",NEGATIVE,-1,46.22920608520508,45.59885787963867,44.823036193847656,47.1117057800293,45.47278594970703,46.432865142822266,0.013823771797755412,0.017308548274949383,-0.048579637444412176,0.03604177303178462,-0.020676716592054764,-0.018732068393887604,-0.004386097153185684
2026-04-22 00:00:00.000,Exame,Por que o Ibovespa cai mais de 1% hoje enquanto as bolsas de NY sobem?,NEGATIVE,-1,46.22920608520508,45.59885787963867,44.823036193847656,47.1117057800293,45.47278594970703,46.432865142822266,0.013823771797755412,0.017308548274949383,-0.048579637444412176,0.03604177303178462,-0.020676716592054764,-0.018732068393887604,-0.004386097153185684
2026-04-22 13:39:53.423,Valor Econômico,Ibovespa intensifica queda e vai a 192 mil pontos após feriado em meio a incertezas sobre guerra no Oriente Médio,NEGATIVE,-1,46.97968673706055,46.22920608520508,45.59885787963867,44.823036193847656,47.1117057800293,45.47278594970703,0.016233907423637287,0.013823771797755412,0.017308548274949383,-0.048579637444412176,0.03604177303178462,0.04811478039742674,0.03313851913582225
2026-04-23 13:18:15.341,BloombergLinea,Petrobras e Prio lideram ganhos de petroleiras na América Latina em 2026,POSITIVE,1,46.37977981567383,46.97968673706055,46.22920608520508,45.59885787963867,44.823036193847656,47.1117057800293,-0.01276949598970983,0.016233907423637287,0.013823771797755412,0.017308548274949383,-0.048579637444412176,0.017125909997492778,-0.015535968232034021
2026-04-23 13:45:07.345,Valor Econômico,"Ibovespa perde força com Petrobras, mesmo com Brent acima de US$ 100",NEGATIVE,-1,46.37977981567383,46.97968673706055,46.22920608520508,45.59885787963867,44.823036193847656,47.1117057800293,-0.01276949598970983,0.016233907423637287,0.013823771797755412,0.017308548274949383,-0.048579637444412176,0.017125909997492778,-0.015535968232034021
2026-04-23 20:39:49.287,Valor Econômico,Ibovespa perde os 192 mil pontos em meio à piora da percepção de risco,NEGATIVE,-1,46.37977981567383,46.97968673706055,46.22920608520508,45.59885787963867,44.823036193847656,47.1117057800293,-0.01276949598970983,0.016233907423637287,0.013823771797755412,0.017308548274949383,-0.048579637444412176,0.017125909997492778,-0.015535968232034021
2026-04-24 00:00:00.000,Exame,Por que o Ibovespa está caindo? Bolsa descola de NY e dólar se mantém em R$ 5,NEGATIVE,-1,46.37977981567383,46.97968673706055,46.22920608520508,45.59885787963867,44.823036193847656,47.1117057800293,-0.01276949598970983,0.016233907423637287,0.013823771797755412,0.017308548274949383,-0.048579637444412176,0.017125909997492778,-0.015535968232034021
2026-06-03 15:14:50.836,Valor Econômico,"Ações da Petrobras (PETR4, PETR3) têm forte alta com leitura positiva do balanço e disparada nos preços de petróleo",NEGATIVE,-1,40.88999938964844,41.25,41.56999969482422,41.66902542114258,41.30514907836914,41.80670928955078,-0.008727287523674243,-0.007697851748217866,-0.002376482898688444,0.008809466879856726,-0.011997122464431832,-0.01869556639783728,-0.021927339307030017
2026-06-03 15:43:23.000,InfoMoney,"
                Ibovespa cai abaixo dos 180 mil pontos com aversão a risco; Petrobras atenua queda            ",NEGATIVE,-1,40.88999938964844,41.25,41.56999969482422,41.66902542114258,41.30514907836914,41.80670928955078,-0.008727287523674243,-0.007697851748217866,-0.002376482898688444,0.008809466879856726,-0.011997122464431832,-0.01869556639783728,-0.021927339307030017
2026-06-03 15:58:53.000,InfoMoney,"
                Petrobras: PETR3 acelera e salta 6% com petróleo um dia após balanço e dividendos            ",POSITIVE,1,40.88999938964844,41.25,41.56999969482422,41.66902542114258,41.30514907836914,41.80670928955078,-0.008727287523674243,-0.007697851748217866,-0.002376482898688444,0.008809466879856726,-0.011997122464431832,-0.01869556639783728,-0.021927339307030017
2026-06-03 16:12:41.000,InfoMoney,"
                Petrobras: adoraria distribuir dividendos extraordinários, diz CFO, sobre petróleo            ",NEUTRAL,0,40.88999938964844,41.25,41.56999969482422,41.66902542114258,41.30514907836914,41.80670928955078,-0.008727287523674243,-0.007697851748217866,-0.002376482898688444,0.008809466879856726,-0.011997122464431832,-0.01869556639783728,-0.021927339307030017
